ADM0_NAME,ADM0_PCODE,ADM1_NAME,ADM1_PCODE,ADM2_NAME,ADM2_PCODE,NAME_3,ADM3_PCODE,F_TL
Bangladesh,BD,Barisal,BD10,Barguna,BD1004,Amtali,BD100409,142076
Bangladesh,BD,Barisal,BD10,Barguna,BD1004,Bamna,BD100419,45359
Bangladesh,BD,Barisal,BD10,Barguna,BD1004,Barguna Sadar,BD100428,144335
Bangladesh,BD,Barisal,BD10,Barguna,BD1004,Betagi,BD100447,58208
Bangladesh,BD,Barisal,BD10,Barguna,BD1004,Patharghata,BD100485,82423
Bangladesh,BD,Barisal,BD10,Barisal,BD1006,Agailjhara,BD100602,72196
Bangladesh,BD,Barisal,BD10,Barisal,BD1006,Babuganj,BD100603,67993
Bangladesh,BD,Barisal,BD10,Barisal,BD1006,Bakerganj,BD100607,141679
Bangladesh,BD,Barisal,BD10,Barisal,BD1006,Banari Para,BD100610,71150
Bangladesh,BD,Barisal,BD10,Barisal,BD1006,Gaurnadi,BD100632,99070
Bangladesh,BD,Barisal,BD10,Barisal,BD1006,Hizla,BD100636,58497
Bangladesh,BD,Barisal,BD10,Barisal,BD1006,Barisal Sadar (Kotwali),BD100651,290844
Bangladesh,BD,Barisal,BD10,Barisal,BD1006,Mehendiganj,BD100662,148318
Bangladesh,BD,Barisal,BD10,Barisal,BD1006,Muladi,BD100669,85548
Bangladesh,BD,Barisal,BD10,Barisal,BD1006,Wazirpur,BD100694,115606
Bangladesh,BD,Barisal,BD10,Bhola,BD1009,Bhola Sadar,BD100918,223550
Bangladesh,BD,Barisal,BD10,Bhola,BD1009,Burhanuddin,BD100921,110314
Bangladesh,BD,Barisal,BD10,Bhola,BD1009,Char Fasson,BD100925,246480
Bangladesh,BD,Barisal,BD10,Bhola,BD1009,Daulatkhan,BD100929,80288
Bangladesh,BD,Barisal,BD10,Bhola,BD1009,Lalmohan,BD100954,145277
Bangladesh,BD,Barisal,BD10,Bhola,BD1009,Manpura,BD100965,42332
Bangladesh,BD,Barisal,BD10,Bhola,BD1009,Tazumuddin,BD100991,63657
Bangladesh,BD,Barisal,BD10,Jhalokati,BD1042,Jhalokati Sadar,BD104240,118313
Bangladesh,BD,Barisal,BD10,Jhalokati,BD1042,Kanthalia,BD104243,59374
Bangladesh,BD,Barisal,BD10,Jhalokati,BD1042,Nalchity,BD104273,88568
Bangladesh,BD,Barisal,BD10,Jhalokati,BD1042,Rajapur,BD104284,75486
Bangladesh,BD,Barisal,BD10,Patuakhali,BD1078,Bauphal,BD107838,156283
Bangladesh,BD,Barisal,BD10,Patuakhali,BD1078,Dashmina,BD107852,65436
Bangladesh,BD,Barisal,BD10,Patuakhali,BD1078,Dumki,BD107855,36142
Bangladesh,BD,Barisal,BD10,Patuakhali,BD1078,Galachipa,BD107857,199462
Bangladesh,BD,Barisal,BD10,Patuakhali,BD1078,Kala Para,BD107866,136915
Bangladesh,BD,Barisal,BD10,Patuakhali,BD1078,Mirzaganj,BD107876,63484
Bangladesh,BD,Barisal,BD10,Patuakhali,BD1078,Patuakhali Sadar,BD107895,154162
Bangladesh,BD,Barisal,BD10,Pirojpur,BD1079,Bhandaria,BD107914,70362
Bangladesh,BD,Barisal,BD10,Pirojpur,BD1079,Kawkhali,BD107947,32465
Bangladesh,BD,Barisal,BD10,Pirojpur,BD1079,Mathbaria,BD107958,130596
Bangladesh,BD,Barisal,BD10,Pirojpur,BD1079,Nazirpur,BD107976,89518
Bangladesh,BD,Barisal,BD10,Pirojpur,BD1079,Pirojpur Sadar,BD107980,86317
Bangladesh,BD,Barisal,BD10,Pirojpur,BD1079,Nesarabad (Swarupkati),BD107987,104293
Bangladesh,BD,Barisal,BD10,Pirojpur,BD1079,Zianagar,BD107990,40963
Bangladesh,BD,Chittagong,BD20,Bandarban,BD2003,Alikadam,BD200304,33003
Bangladesh,BD,Chittagong,BD20,Bandarban,BD2003,Bandarban Sadar,BD200314,51670
Bangladesh,BD,Chittagong,BD20,Bandarban,BD2003,Lama,BD200351,72646
Bangladesh,BD,Chittagong,BD20,Bandarban,BD2003,Naikhongchhari,BD200373,37369
Bangladesh,BD,Chittagong,BD20,Bandarban,BD2003,Rowangchhari,BD200389,15582
Bangladesh,BD,Chittagong,BD20,Bandarban,BD2003,Ruma,BD200391,14585
Bangladesh,BD,Chittagong,BD20,Bandarban,BD2003,Thanchi,BD200395,15599
Bangladesh,BD,Chittagong,BD20,Brahamanbaria,BD2012,Akhaura,BD201202,82297
Bangladesh,BD,Chittagong,BD20,Brahamanbaria,BD2012,Banchharampur,BD201204,168685
Bangladesh,BD,Chittagong,BD20,Brahamanbaria,BD2012,Bijoynagar,BD201207,163909
Bangladesh,BD,Chittagong,BD20,Brahamanbaria,BD2012,Brahmanbaria Sadar,BD201213,326213
Bangladesh,BD,Chittagong,BD20,Brahamanbaria,BD2012,Ashuganj,BD201233,113654
Bangladesh,BD,Chittagong,BD20,Brahamanbaria,BD2012,Kasba,BD201263,195177
Bangladesh,BD,Chittagong,BD20,Brahamanbaria,BD2012,Nabinagar,BD201285,307085
Bangladesh,BD,Chittagong,BD20,Brahamanbaria,BD2012,Nasirnagar,BD201290,190513
Bangladesh,BD,Chittagong,BD20,Brahamanbaria,BD2012,Sarail,BD201294,187495
Bangladesh,BD,Chittagong,BD20,Chandpur,BD2013,Chandpur Sadar,BD201322,249398
Bangladesh,BD,Chittagong,BD20,Chandpur,BD2013,Faridganj,BD201345,222831
Bangladesh,BD,Chittagong,BD20,Chandpur,BD2013,Haim Char,BD201347,46868
Bangladesh,BD,Chittagong,BD20,Chandpur,BD2013,Hajiganj,BD201349,193951
Bangladesh,BD,Chittagong,BD20,Chandpur,BD2013,Kachua,BD201358,230029
Bangladesh,BD,Chittagong,BD20,Chandpur,BD2013,Matlab Dakshin,BD201376,111318
Bangladesh,BD,Chittagong,BD20,Chandpur,BD2013,Matlab Uttar,BD201379,144266
Bangladesh,BD,Chittagong,BD20,Chandpur,BD2013,Shahrasti,BD201395,135819
Bangladesh,BD,Chittagong,BD20,Chittagong,BD2015,Anowara,BD201504,148144
Bangladesh,BD,Chittagong,BD20,Chittagong,BD2015,Bayejid Bostami,BD201506,123710
Bangladesh,BD,Chittagong,BD20,Chittagong,BD2015,Banshkhali,BD201508,237296
Bangladesh,BD,Chittagong,BD20,Chittagong,BD2015,Bakalia,BD201510,162368
Bangladesh,BD,Chittagong,BD20,Chittagong,BD2015,Boalkhali,BD201512,123792
Bangladesh,BD,Chittagong,BD20,Chittagong,BD2015,Chandanaish,BD201518,138540
Bangladesh,BD,Chittagong,BD20,Chittagong,BD2015,Chandgaon,BD201519,177315
Bangladesh,BD,Chittagong,BD20,Chittagong,BD2015,Chittagong Port,BD201520,93549
Bangladesh,BD,Chittagong,BD20,Chittagong,BD2015,Double Mooring,BD201528,229360
Bangladesh,BD,Chittagong,BD20,Chittagong,BD2015,Fatikchhari,BD201533,314965
Bangladesh,BD,Chittagong,BD20,Chittagong,BD2015,Halishahar,BD201535,86922
Bangladesh,BD,Chittagong,BD20,Chittagong,BD2015,Hathazari,BD201537,226385
Bangladesh,BD,Chittagong,BD20,Chittagong,BD2015,Kotwali,BD201541,158033
Bangladesh,BD,Chittagong,BD20,Chittagong,BD2015,Khulshi,BD201543,143414
Bangladesh,BD,Chittagong,BD20,Chittagong,BD2015,Lohagara,BD201547,147698
Bangladesh,BD,Chittagong,BD20,Chittagong,BD2015,Mirsharai,BD201553,225220
Bangladesh,BD,Chittagong,BD20,Chittagong,BD2015,Pahartali,BD201555,137125
Bangladesh,BD,Chittagong,BD20,Chittagong,BD2015,Panchlaish,BD201557,153224
Bangladesh,BD,Chittagong,BD20,Chittagong,BD2015,Patiya,BD201561,268278
Bangladesh,BD,Chittagong,BD20,Chittagong,BD2015,Patenga,BD201565,104057
Bangladesh,BD,Chittagong,BD20,Chittagong,BD2015,Rangunia,BD201570,191120
Bangladesh,BD,Chittagong,BD20,Chittagong,BD2015,Raozan,BD201574,161439
Bangladesh,BD,Chittagong,BD20,Chittagong,BD2015,Sandwip,BD201578,138774
Bangladesh,BD,Chittagong,BD20,Chittagong,BD2015,Satkania,BD201582,222776
Bangladesh,BD,Chittagong,BD20,Chittagong,BD2015,Sitakunda,BD201586,211022
Bangladesh,BD,Chittagong,BD20,Comilla,BD2019,Barura,BD201909,246048
Bangladesh,BD,Chittagong,BD20,Comilla,BD2019,Brahman Para,BD201915,119728
Bangladesh,BD,Chittagong,BD20,Comilla,BD2019,Burichang,BD201918,179609
Bangladesh,BD,Chittagong,BD20,Comilla,BD2019,Chandina,BD201927,208906
Bangladesh,BD,Chittagong,BD20,Comilla,BD2019,Chauddagram,BD201931,271475
Bangladesh,BD,Chittagong,BD20,Comilla,BD2019,Comilla Sadar Dakshin,BD201933,350901
Bangladesh,BD,Chittagong,BD20,Comilla,BD2019,Daudkandi,BD201936,213319
Bangladesh,BD,Chittagong,BD20,Comilla,BD2019,Debidwar,BD201940,256501
Bangladesh,BD,Chittagong,BD20,Comilla,BD2019,Homna,BD201954,112686
Bangladesh,BD,Chittagong,BD20,Comilla,BD2019,Comilla Adarsha Sadar,BD201967,417387
Bangladesh,BD,Chittagong,BD20,Comilla,BD2019,Laksam,BD201972,133445
Bangladesh,BD,Chittagong,BD20,Comilla,BD2019,Manoharganj,BD201974,115228
Bangladesh,BD,Chittagong,BD20,Comilla,BD2019,Meghna,BD201975,64515
Bangladesh,BD,Chittagong,BD20,Comilla,BD2019,Muradnagar,BD201981,305257
Bangladesh,BD,Chittagong,BD20,Comilla,BD2019,Nangalkot,BD201987,235144
Bangladesh,BD,Chittagong,BD20,Comilla,BD2019,Titas,BD201994,115594
Bangladesh,BD,Chittagong,BD20,Cox's Bazar,BD2022,Chakaria,BD202216,298893
Bangladesh,BD,Chittagong,BD20,Cox's Bazar,BD2022,Cox's Bazar Sadar,BD202224,282391
Bangladesh,BD,Chittagong,BD20,Cox's Bazar,BD2022,Kutubdia,BD202245,70289
Bangladesh,BD,Chittagong,BD20,Cox's Bazar,BD2022,Maheshkhali,BD202249,192494
Bangladesh,BD,Chittagong,BD20,Cox's Bazar,BD2022,Pekua,BD202256,108596
Bangladesh,BD,Chittagong,BD20,Cox's Bazar,BD2022,Ramu,BD202266,171871
Bangladesh,BD,Chittagong,BD20,Cox's Bazar,BD2022,Teknaf,BD202290,171025
Bangladesh,BD,Chittagong,BD20,Cox's Bazar,BD2022,Ukhia,BD202294,136209
Bangladesh,BD,Chittagong,BD20,Feni,BD2030,Chhagalnaiya,BD203014,105888
Bangladesh,BD,Chittagong,BD20,Feni,BD2030,Daganbhuiyan,BD203025,151360
Bangladesh,BD,Chittagong,BD20,Feni,BD2030,Feni Sadar,BD203029,326132
Bangladesh,BD,Chittagong,BD20,Feni,BD2030,Fulgazi,BD203041,63590
Bangladesh,BD,Chittagong,BD20,Feni,BD2030,Parshuram,BD203051,56525
Bangladesh,BD,Chittagong,BD20,Feni,BD2030,Sonagazi,BD203094,153472
Bangladesh,BD,Chittagong,BD20,Khagrachhari,BD2046,Dighinala,BD204643,55412
Bangladesh,BD,Chittagong,BD20,Khagrachhari,BD2046,Khagrachhari Sadar,BD204649,64021
Bangladesh,BD,Chittagong,BD20,Khagrachhari,BD2046,Lakshmichhari,BD204661,14907
Bangladesh,BD,Chittagong,BD20,Khagrachhari,BD2046,Mahalchhari,BD204665,27669
Bangladesh,BD,Chittagong,BD20,Khagrachhari,BD2046,Manikchhari,BD204667,37394
Bangladesh,BD,Chittagong,BD20,Khagrachhari,BD2046,Matiranga,BD204670,73897
Bangladesh,BD,Chittagong,BD20,Khagrachhari,BD2046,Panchhari,BD204677,28874
Bangladesh,BD,Chittagong,BD20,Khagrachhari,BD2046,Ramgarh,BD204680,46800
Bangladesh,BD,Chittagong,BD20,Lakshmipur,BD2051,Kamalnagar,BD205133,136627
Bangladesh,BD,Chittagong,BD20,Lakshmipur,BD2051,Lakshmipur Sadar,BD205143,425149
Bangladesh,BD,Chittagong,BD20,Lakshmipur,BD2051,Roypur,BD205158,164344
Bangladesh,BD,Chittagong,BD20,Lakshmipur,BD2051,Ramganj,BD205165,152460
Bangladesh,BD,Chittagong,BD20,Lakshmipur,BD2051,Ramgati,BD205173,162021
Bangladesh,BD,Chittagong,BD20,Noakhali,BD2075,Begumganj,BD207507,325995
Bangladesh,BD,Chittagong,BD20,Noakhali,BD2075,Chatkhil,BD207510,133897
Bangladesh,BD,Chittagong,BD20,Noakhali,BD2075,Companiganj,BD207521,151284
Bangladesh,BD,Chittagong,BD20,Noakhali,BD2075,Hatiya,BD207536,302940
Bangladesh,BD,Chittagong,BD20,Noakhali,BD2075,Kabirhat,BD207547,139046
Bangladesh,BD,Chittagong,BD20,Noakhali,BD2075,Senbagh,BD207580,152479
Bangladesh,BD,Chittagong,BD20,Noakhali,BD2075,Sonaimuri,BD207583,201268
Bangladesh,BD,Chittagong,BD20,Noakhali,BD2075,Subarnachar,BD207585,193067
Bangladesh,BD,Chittagong,BD20,Noakhali,BD2075,Noakhali Sadar (Sudharam),BD207587,362039
Bangladesh,BD,Chittagong,BD20,Rangamati,BD2084,Baghai Chhari,BD208407,56877
Bangladesh,BD,Chittagong,BD20,Rangamati,BD2084,Barkal,BD208421,25837
Bangladesh,BD,Chittagong,BD20,Rangamati,BD2084,Kawkhali (Betbunia),BD208425,35655
Bangladesh,BD,Chittagong,BD20,Rangamati,BD2084,Belai Chhari,BD208429,15522
Bangladesh,BD,Chittagong,BD20,Rangamati,BD2084,Kaptai,BD208436,23970
Bangladesh,BD,Chittagong,BD20,Rangamati,BD2084,Jurai Chhari,BD208447,16026
Bangladesh,BD,Chittagong,BD20,Rangamati,BD2084,Langadu,BD208458,46544
Bangladesh,BD,Chittagong,BD20,Rangamati,BD2084,Naniarchar,BD208475,23191
Bangladesh,BD,Chittagong,BD20,Rangamati,BD2084,Rajasthali,BD208478,14293
Bangladesh,BD,Chittagong,BD20,Rangamati,BD2084,Rangamati Sadar,BD208487,72926
Bangladesh,BD,Dhaka,BD30,Dhaka,BD3026,Adabor,BD302602,144424
Bangladesh,BD,Dhaka,BD30,Dhaka,BD3026,Badda,BD302604,439970
Bangladesh,BD,Dhaka,BD30,Dhaka,BD3026,Bangshal,BD302605,62800
Bangladesh,BD,Dhaka,BD30,Dhaka,BD3026,Biman Bandar,BD302606,9620
Bangladesh,BD,Dhaka,BD30,Dhaka,BD3026,Cantonment,BD302608,61566
Bangladesh,BD,Dhaka,BD30,Dhaka,BD3026,Chak Bazar,BD302609,83585
Bangladesh,BD,Dhaka,BD30,Dhaka,BD3026,Dakshinkhan,BD302610,176065
Bangladesh,BD,Dhaka,BD30,Dhaka,BD3026,Darus Salam,BD302611,99888
Bangladesh,BD,Dhaka,BD30,Dhaka,BD3026,Demra,BD302612,164454
Bangladesh,BD,Dhaka,BD30,Dhaka,BD3026,Dhamrai,BD302614,240673
Bangladesh,BD,Dhaka,BD30,Dhaka,BD3026,Dhanmondi,BD302616,84293
Bangladesh,BD,Dhaka,BD30,Dhaka,BD3026,Dohar,BD302618,140526
Bangladesh,BD,Dhaka,BD30,Dhaka,BD3026,Gendaria,BD302624,58401
Bangladesh,BD,Dhaka,BD30,Dhaka,BD3026,Gulshan,BD302626,147386
Bangladesh,BD,Dhaka,BD30,Dhaka,BD3026,Hazaribagh,BD302628,123141
Bangladesh,BD,Dhaka,BD30,Dhaka,BD3026,Jatrabari,BD302629,310358
Bangladesh,BD,Dhaka,BD30,Dhaka,BD3026,Kafrul,BD302630,249903
Bangladesh,BD,Dhaka,BD30,Dhaka,BD3026,Kadamtali,BD302632,248723
Bangladesh,BD,Dhaka,BD30,Dhaka,BD3026,Kalabagan,BD302633,62723
Bangladesh,BD,Dhaka,BD30,Dhaka,BD3026,Kamrangir Char,BD302634,25207
Bangladesh,BD,Dhaka,BD30,Dhaka,BD3026,Khilgaon,BD302636,253464
Bangladesh,BD,Dhaka,BD30,Dhaka,BD3026,Khilkhet,BD302637,107415
Bangladesh,BD,Dhaka,BD30,Dhaka,BD3026,Keraniganj,BD302638,486632
Bangladesh,BD,Dhaka,BD30,Dhaka,BD3026,Kotwali,BD302640,20543
Bangladesh,BD,Dhaka,BD30,Dhaka,BD3026,Lalbagh,BD302642,258549
Bangladesh,BD,Dhaka,BD30,Dhaka,BD3026,Mirpur,BD302648,321540
Bangladesh,BD,Dhaka,BD30,Dhaka,BD3026,Mohammadpur,BD302650,223981
Bangladesh,BD,Dhaka,BD30,Dhaka,BD3026,Motijheel,BD302654,83042
Bangladesh,BD,Dhaka,BD30,Dhaka,BD3026,Nawabganj,BD302662,179890
Bangladesh,BD,Dhaka,BD30,Dhaka,BD3026,New Market,BD302663,20694
Bangladesh,BD,Dhaka,BD30,Dhaka,BD3026,Pallabi,BD302664,503700
Bangladesh,BD,Dhaka,BD30,Dhaka,BD3026,Paltan,BD302665,22388
Bangladesh,BD,Dhaka,BD30,Dhaka,BD3026,Ramna,BD302666,93124
Bangladesh,BD,Dhaka,BD30,Dhaka,BD3026,Rampura,BD302667,173378
Bangladesh,BD,Dhaka,BD30,Dhaka,BD3026,Sabujbagh,BD302668,217756
Bangladesh,BD,Dhaka,BD30,Dhaka,BD3026,Savar,BD302672,1583139
Bangladesh,BD,Dhaka,BD30,Dhaka,BD3026,Shah Ali,BD302674,74485
Bangladesh,BD,Dhaka,BD30,Dhaka,BD3026,Shahbagh,BD302675,23013
Bangladesh,BD,Dhaka,BD30,Dhaka,BD3026,Shyampur,BD302676,119815
Bangladesh,BD,Dhaka,BD30,Dhaka,BD3026,Sher-e-bangla Nagar,BD302680,124121
Bangladesh,BD,Dhaka,BD30,Dhaka,BD3026,Sutrapur,BD302688,85686
Bangladesh,BD,Dhaka,BD30,Dhaka,BD3026,Tejgaon,BD302690,59137
Bangladesh,BD,Dhaka,BD30,Dhaka,BD3026,Tejgaon Ind. Area,BD302692,50474
Bangladesh,BD,Dhaka,BD30,Dhaka,BD3026,Turag,BD302693,124776
Bangladesh,BD,Dhaka,BD30,Dhaka,BD3026,Uttara,BD302695,118033
Bangladesh,BD,Dhaka,BD30,Dhaka,BD3026,Uttar Khan,BD302696,56025
Bangladesh,BD,Dhaka,BD30,Faridpur,BD3029,Alfadanga,BD302903,60480
Bangladesh,BD,Dhaka,BD30,Faridpur,BD3029,Bhanga,BD302910,147323
Bangladesh,BD,Dhaka,BD30,Faridpur,BD3029,Boalmari,BD302918,141191
Bangladesh,BD,Dhaka,BD30,Faridpur,BD3029,Char Bhadrasan,BD302921,26274
Bangladesh,BD,Dhaka,BD30,Faridpur,BD3029,Faridpur Sadar,BD302947,261798
Bangladesh,BD,Dhaka,BD30,Faridpur,BD3029,Madhukhali,BD302956,110454
Bangladesh,BD,Dhaka,BD30,Faridpur,BD3029,Nagarkanda,BD302962,134014
Bangladesh,BD,Dhaka,BD30,Faridpur,BD3029,Sadarpur,BD302984,92833
Bangladesh,BD,Dhaka,BD30,Faridpur,BD3029,Saltha,BD302990,78062
Bangladesh,BD,Dhaka,BD30,Gazipur,BD3033,Gazipur Sadar,BD303330,1814333
Bangladesh,BD,Dhaka,BD30,Gazipur,BD3033,Kaliakair,BD303332,435816
Bangladesh,BD,Dhaka,BD30,Gazipur,BD3033,Kaliganj,BD303334,144272
Bangladesh,BD,Dhaka,BD30,Gazipur,BD3033,Kapasia,BD303336,184428
Bangladesh,BD,Dhaka,BD30,Gazipur,BD3033,Sreepur,BD303386,355187
Bangladesh,BD,Dhaka,BD30,Gopalganj,BD3035,Gopalganj Sadar,BD303532,179815
Bangladesh,BD,Dhaka,BD30,Gopalganj,BD3035,Kashiani,BD303543,94756
Bangladesh,BD,Dhaka,BD30,Gopalganj,BD3035,Kotali Para,BD303551,116460
Bangladesh,BD,Dhaka,BD30,Gopalganj,BD3035,Muksudpur,BD303558,145721
Bangladesh,BD,Dhaka,BD30,Gopalganj,BD3035,Tungi Para,BD303591,49981
Bangladesh,BD,Dhaka,BD30,Kishoreganj,BD3048,Austagram,BD304802,79590
Bangladesh,BD,Dhaka,BD30,Kishoreganj,BD3048,Bajitpur,BD304806,149210
Bangladesh,BD,Dhaka,BD30,Kishoreganj,BD3048,Bhairab,BD304811,181682
Bangladesh,BD,Dhaka,BD30,Kishoreganj,BD3048,Hossainpur,BD304827,105401
Bangladesh,BD,Dhaka,BD30,Kishoreganj,BD3048,Itna,BD304833,86056
Bangladesh,BD,Dhaka,BD30,Kishoreganj,BD3048,Karimganj,BD304842,161299
Bangladesh,BD,Dhaka,BD30,Kishoreganj,BD3048,Katiadi,BD304845,180650
Bangladesh,BD,Dhaka,BD30,Kishoreganj,BD3048,Kishoreganj Sadar,BD304849,247137
Bangladesh,BD,Dhaka,BD30,Kishoreganj,BD3048,Kuliar Char,BD304854,109028
Bangladesh,BD,Dhaka,BD30,Kishoreganj,BD3048,Mithamain,BD304859,58599
Bangladesh,BD,Dhaka,BD30,Kishoreganj,BD3048,Nikli,BD304876,73605
Bangladesh,BD,Dhaka,BD30,Kishoreganj,BD3048,Pakundia,BD304879,134224
Bangladesh,BD,Dhaka,BD30,Kishoreganj,BD3048,Tarail,BD304892,82364
Bangladesh,BD,Dhaka,BD30,Madaripur,BD3054,Kalkini,BD305440,137262
Bangladesh,BD,Dhaka,BD30,Madaripur,BD3054,Madaripur Sadar,BD305454,177529
Bangladesh,BD,Dhaka,BD30,Madaripur,BD3054,Rajoir,BD305480,118878
Bangladesh,BD,Dhaka,BD30,Madaripur,BD3054,Shib Char,BD305487,154231
Bangladesh,BD,Dhaka,BD30,Manikganj,BD3056,Daulatpur,BD305610,91915
Bangladesh,BD,Dhaka,BD30,Manikganj,BD3056,Ghior,BD305622,78462
Bangladesh,BD,Dhaka,BD30,Manikganj,BD3056,Harirampur,BD305628,57202
Bangladesh,BD,Dhaka,BD30,Manikganj,BD3056,Manikganj Sadar,BD305646,188410
Bangladesh,BD,Dhaka,BD30,Manikganj,BD3056,Saturia,BD305670,96134
Bangladesh,BD,Dhaka,BD30,Manikganj,BD3056,Shibalaya,BD305678,95702
Bangladesh,BD,Dhaka,BD30,Manikganj,BD3056,Singair,BD305682,168653
Bangladesh,BD,Dhaka,BD30,Munshiganj,BD3059,Gazaria,BD305924,89636
Bangladesh,BD,Dhaka,BD30,Munshiganj,BD3059,Lohajang,BD305944,73559
Bangladesh,BD,Dhaka,BD30,Munshiganj,BD3059,Munshiganj Sadar,BD305956,218062
Bangladesh,BD,Dhaka,BD30,Munshiganj,BD3059,Serajdikhan,BD305974,170807
Bangladesh,BD,Dhaka,BD30,Munshiganj,BD3059,Sreenagar,BD305984,148737
Bangladesh,BD,Dhaka,BD30,Munshiganj,BD3059,Tongibari,BD305994,99878
Bangladesh,BD,Dhaka,BD30,Narayanganj,BD3067,Araihazar,BD306702,210811
Bangladesh,BD,Dhaka,BD30,Narayanganj,BD3067,Sonargaon,BD306704,255239
Bangladesh,BD,Dhaka,BD30,Narayanganj,BD3067,Bandar,BD306706,191010
Bangladesh,BD,Dhaka,BD30,Narayanganj,BD3067,Narayanganj Sadar,BD306758,947014
Bangladesh,BD,Dhaka,BD30,Narayanganj,BD3067,Rupganj,BD306768,334783
Bangladesh,BD,Dhaka,BD30,Narsingdi,BD3068,Belabo,BD306807,111830
Bangladesh,BD,Dhaka,BD30,Narsingdi,BD3068,Manohardi,BD306852,160567
Bangladesh,BD,Dhaka,BD30,Narsingdi,BD3068,Narsingdi Sadar,BD306860,416027
Bangladesh,BD,Dhaka,BD30,Narsingdi,BD3068,Palash,BD306863,115778
Bangladesh,BD,Dhaka,BD30,Narsingdi,BD3068,Roypura,BD306864,324821
Bangladesh,BD,Dhaka,BD30,Narsingdi,BD3068,Shibpur,BD306876,175967
Bangladesh,BD,Dhaka,BD30,Rajbari,BD3082,Balia Kandi,BD308207,113514
Bangladesh,BD,Dhaka,BD30,Rajbari,BD3082,Goalandaghat,BD308229,53941
Bangladesh,BD,Dhaka,BD30,Rajbari,BD3082,Kalukhali,BD308247,86955
Bangladesh,BD,Dhaka,BD30,Rajbari,BD3082,Pangsha,BD308273,136039
Bangladesh,BD,Dhaka,BD30,Rajbari,BD3082,Rajbari Sadar,BD308276,187801
Bangladesh,BD,Dhaka,BD30,Shariatpur,BD3086,Bhedarganj,BD308614,138019
Bangladesh,BD,Dhaka,BD30,Shariatpur,BD3086,Damudya,BD308625,52313
Bangladesh,BD,Dhaka,BD30,Shariatpur,BD3086,Gosairhat,BD308636,104151
Bangladesh,BD,Dhaka,BD30,Shariatpur,BD3086,Naria,BD308665,122651
Bangladesh,BD,Dhaka,BD30,Shariatpur,BD3086,Shariatpur Sadar,BD308669,109689
Bangladesh,BD,Dhaka,BD30,Shariatpur,BD3086,Zanjira,BD308694,104204
Bangladesh,BD,Dhaka,BD30,Tangail,BD3093,Basail,BD309309,82515
Bangladesh,BD,Dhaka,BD30,Tangail,BD3093,Bhuapur,BD309319,95127
Bangladesh,BD,Dhaka,BD30,Tangail,BD3093,Delduar,BD309323,116316
Bangladesh,BD,Dhaka,BD30,Tangail,BD3093,Dhanbari,BD309325,100438
Bangladesh,BD,Dhaka,BD30,Tangail,BD3093,Ghatail,BD309328,237304
Bangladesh,BD,Dhaka,BD30,Tangail,BD3093,Gopalpur,BD309338,115320
Bangladesh,BD,Dhaka,BD30,Tangail,BD3093,Kalihati,BD309347,223729
Bangladesh,BD,Dhaka,BD30,Tangail,BD3093,Madhupur,BD309357,165290
Bangladesh,BD,Dhaka,BD30,Tangail,BD3093,Mirzapur,BD309366,233821
Bangladesh,BD,Dhaka,BD30,Tangail,BD3093,Nagarpur,BD309376,167695
Bangladesh,BD,Dhaka,BD30,Tangail,BD3093,Sakhipur,BD309385,166280
Bangladesh,BD,Dhaka,BD30,Tangail,BD3093,Tangail Sadar,BD309395,308245
Bangladesh,BD,Khulna,BD40,Bagerhat,BD4001,Bagerhat Sadar,BD400108,134593
Bangladesh,BD,Khulna,BD40,Bagerhat,BD4001,Chitalmari,BD400114,67425
Bangladesh,BD,Khulna,BD40,Bagerhat,BD4001,Fakirhat,BD400134,68650
Bangladesh,BD,Khulna,BD40,Bagerhat,BD4001,Kachua,BD400138,46638
Bangladesh,BD,Khulna,BD40,Bagerhat,BD4001,Mollahat,BD400156,66709
Bangladesh,BD,Khulna,BD40,Bagerhat,BD4001,Mongla,BD400158,57378
Bangladesh,BD,Khulna,BD40,Bagerhat,BD4001,Morrelganj,BD400160,122398
Bangladesh,BD,Khulna,BD40,Bagerhat,BD4001,Rampal,BD400173,64876
Bangladesh,BD,Khulna,BD40,Bagerhat,BD4001,Sarankhola,BD400177,57965
Bangladesh,BD,Khulna,BD40,Chuadanga,BD4018,Alamdanga,BD401807,192079
Bangladesh,BD,Khulna,BD40,Chuadanga,BD4018,Chuadanga Sadar,BD401823,175275
Bangladesh,BD,Khulna,BD40,Chuadanga,BD4018,Damurhuda,BD401831,161759
Bangladesh,BD,Khulna,BD40,Chuadanga,BD4018,Jiban Nagar,BD401855,96649
Bangladesh,BD,Khulna,BD40,Jessore,BD4041,Abhaynagar,BD404104,146291
Bangladesh,BD,Khulna,BD40,Jessore,BD4041,Bagher Para,BD404109,120226
Bangladesh,BD,Khulna,BD40,Jessore,BD4041,Chaugachha,BD404111,124620
Bangladesh,BD,Khulna,BD40,Jessore,BD4041,Jhikargachha,BD404123,164847
Bangladesh,BD,Khulna,BD40,Jessore,BD4041,Keshabpur,BD404138,140510
Bangladesh,BD,Khulna,BD40,Jessore,BD4041,Kotwali,BD404147,412406
Bangladesh,BD,Khulna,BD40,Jessore,BD4041,Manirampur,BD404161,227156
Bangladesh,BD,Khulna,BD40,Jessore,BD4041,Sharsha,BD404190,185505
Bangladesh,BD,Khulna,BD40,Jhenaidah,BD4044,Harinakunda,BD404414,112230
Bangladesh,BD,Khulna,BD40,Jhenaidah,BD4044,Jhenaidah Sadar,BD404419,261342
Bangladesh,BD,Khulna,BD40,Jhenaidah,BD4044,Kaliganj,BD404433,155432
Bangladesh,BD,Khulna,BD40,Jhenaidah,BD4044,Kotchandpur,BD404442,73811
Bangladesh,BD,Khulna,BD40,Jhenaidah,BD4044,Maheshpur,BD404471,184099
Bangladesh,BD,Khulna,BD40,Jhenaidah,BD4044,Shailkupa,BD404480,194822
Bangladesh,BD,Khulna,BD40,Khulna,BD4047,Batiaghata,BD404712,104009
Bangladesh,BD,Khulna,BD40,Khulna,BD4047,Dacope,BD404717,71890
Bangladesh,BD,Khulna,BD40,Khulna,BD4047,Daulatpur,BD404721,49336
Bangladesh,BD,Khulna,BD40,Khulna,BD4047,Dumuria,BD404730,165168
Bangladesh,BD,Khulna,BD40,Khulna,BD4047,Dighalia,BD404740,52139
Bangladesh,BD,Khulna,BD40,Khulna,BD4047,Khalishpur,BD404745,50277
Bangladesh,BD,Khulna,BD40,Khulna,BD4047,Khan Jahan Ali,BD404748,26537
Bangladesh,BD,Khulna,BD40,Khulna,BD4047,Khulna Sadar,BD404751,93041
Bangladesh,BD,Khulna,BD40,Khulna,BD4047,Koyra,BD404753,97025
Bangladesh,BD,Khulna,BD40,Khulna,BD4047,Paikgachha,BD404764,121477
Bangladesh,BD,Khulna,BD40,Khulna,BD4047,Phultala,BD404769,45250
Bangladesh,BD,Khulna,BD40,Khulna,BD4047,Rupsa,BD404775,93568
Bangladesh,BD,Khulna,BD40,Khulna,BD4047,Sonadanga,BD404785,77545
Bangladesh,BD,Khulna,BD40,Khulna,BD4047,Terokhada,BD404794,60599
Bangladesh,BD,Khulna,BD40,Kushtia,BD4050,Bheramara,BD405015,114303
Bangladesh,BD,Khulna,BD40,Kushtia,BD4050,Daulatpur,BD405039,230785
Bangladesh,BD,Khulna,BD40,Kushtia,BD4050,Khoksa,BD405063,73281
Bangladesh,BD,Khulna,BD40,Kushtia,BD4050,Kumarkhali,BD405071,179867
Bangladesh,BD,Khulna,BD40,Kushtia,BD4050,Kushtia Sadar,BD405079,293147
Bangladesh,BD,Khulna,BD40,Kushtia,BD4050,Mirpur,BD405094,189432
Bangladesh,BD,Khulna,BD40,Magura,BD4055,Magura Sadar,BD405557,217624
Bangladesh,BD,Khulna,BD40,Magura,BD4055,Mohammadpur,BD405566,115598
Bangladesh,BD,Khulna,BD40,Magura,BD4055,Shalikha,BD405585,90390
Bangladesh,BD,Khulna,BD40,Magura,BD4055,Sreepur,BD405595,89077
Bangladesh,BD,Khulna,BD40,Meherpur,BD4057,Gangni,BD405747,166552
Bangladesh,BD,Khulna,BD40,Meherpur,BD4057,Mujib Nagar,BD405760,54958
Bangladesh,BD,Khulna,BD40,Meherpur,BD4057,Meherpur Sadar,BD405787,141181
Bangladesh,BD,Khulna,BD40,Narail,BD4065,Kalia,BD406528,116095
Bangladesh,BD,Khulna,BD40,Narail,BD4065,Lohagara,BD406552,121235
Bangladesh,BD,Khulna,BD40,Narail,BD4065,Narail Sadar,BD406576,137068
Bangladesh,BD,Khulna,BD40,Satkhira,BD4087,Assasuni,BD408704,143322
Bangladesh,BD,Khulna,BD40,Satkhira,BD4087,Debhata,BD408725,65001
Bangladesh,BD,Khulna,BD40,Satkhira,BD4087,Kalaroa,BD408743,128292
Bangladesh,BD,Khulna,BD40,Satkhira,BD4087,Kaliganj,BD408747,146254
Bangladesh,BD,Khulna,BD40,Satkhira,BD4087,Satkhira Sadar,BD408782,255087
Bangladesh,BD,Khulna,BD40,Satkhira,BD4087,Shyamnagar,BD408786,163304
Bangladesh,BD,Khulna,BD40,Satkhira,BD4087,Tala,BD408790,150251
Bangladesh,BD,Mymensingh,BD45,Jamalpur,BD4539,Bakshiganj,BD453907,136628
Bangladesh,BD,Mymensingh,BD45,Jamalpur,BD4539,Dewanganj,BD453915,146611
Bangladesh,BD,Mymensingh,BD45,Jamalpur,BD4539,Islampur,BD453929,151940
Bangladesh,BD,Mymensingh,BD45,Jamalpur,BD4539,Jamalpur Sadar,BD453936,334892
Bangladesh,BD,Mymensingh,BD45,Jamalpur,BD4539,Madarganj,BD453958,150146
Bangladesh,BD,Mymensingh,BD45,Jamalpur,BD4539,Melandaha,BD453961,168581
Bangladesh,BD,Mymensingh,BD45,Jamalpur,BD4539,Sarishabari,BD453985,168084
Bangladesh,BD,Mymensingh,BD45,Mymensingh,BD4561,Bhaluka,BD456113,299085
Bangladesh,BD,Mymensingh,BD45,Mymensingh,BD4561,Dhobaura,BD456116,113054
Bangladesh,BD,Mymensingh,BD45,Mymensingh,BD4561,Fulbaria,BD456120,253384
Bangladesh,BD,Mymensingh,BD45,Mymensingh,BD4561,Gaffargaon,BD456122,224834
Bangladesh,BD,Mymensingh,BD45,Mymensingh,BD4561,Gauripur,BD456123,185559
Bangladesh,BD,Mymensingh,BD45,Mymensingh,BD4561,Haluaghat,BD456124,156758
Bangladesh,BD,Mymensingh,BD45,Mymensingh,BD4561,Ishwarganj,BD456131,208518
Bangladesh,BD,Mymensingh,BD45,Mymensingh,BD4561,Mymensingh Sadar,BD456152,436554
Bangladesh,BD,Mymensingh,BD45,Mymensingh,BD4561,Muktagachha,BD456165,235161
Bangladesh,BD,Mymensingh,BD45,Mymensingh,BD4561,Nandail,BD456172,219667
Bangladesh,BD,Mymensingh,BD45,Mymensingh,BD4561,Phulpur,BD456181,346393
Bangladesh,BD,Mymensingh,BD45,Mymensingh,BD4561,Trishal,BD456194,234628
Bangladesh,BD,Mymensingh,BD45,Netrakona,BD4572,Atpara,BD457204,78126
Bangladesh,BD,Mymensingh,BD45,Netrakona,BD4572,Barhatta,BD457209,101415
Bangladesh,BD,Mymensingh,BD45,Netrakona,BD4572,Durgapur,BD457218,127193
Bangladesh,BD,Mymensingh,BD45,Netrakona,BD4572,Khaliajuri,BD457238,56048
Bangladesh,BD,Mymensingh,BD45,Netrakona,BD4572,Kalmakanda,BD457240,157714
Bangladesh,BD,Mymensingh,BD45,Netrakona,BD4572,Kendua,BD457247,162765
Bangladesh,BD,Mymensingh,BD45,Netrakona,BD4572,Madan,BD457256,82287
Bangladesh,BD,Mymensingh,BD45,Netrakona,BD4572,Mohanganj,BD457263,96447
Bangladesh,BD,Mymensingh,BD45,Netrakona,BD4572,Netrokona Sadar,BD457274,207936
Bangladesh,BD,Mymensingh,BD45,Netrakona,BD4572,Purbadhala,BD457283,172717
Bangladesh,BD,Mymensingh,BD45,Sherpur,BD4589,Jhenaigati,BD458937,82247
Bangladesh,BD,Mymensingh,BD45,Sherpur,BD4589,Nakla,BD458967,100881
Bangladesh,BD,Mymensingh,BD45,Sherpur,BD4589,Nalitabari,BD458970,123156
Bangladesh,BD,Mymensingh,BD45,Sherpur,BD4589,Sherpur Sadar,BD458988,269420
Bangladesh,BD,Mymensingh,BD45,Sherpur,BD4589,Sreebardi,BD458990,137956
Bangladesh,BD,Rajshahi,BD50,Bogra,BD5010,Adamdighi,BD501006,100117
Bangladesh,BD,Rajshahi,BD50,Bogra,BD5010,Bogra Sadar,BD501020,322598
Bangladesh,BD,Rajshahi,BD50,Bogra,BD5010,Dhunat,BD501027,159401
Bangladesh,BD,Rajshahi,BD50,Bogra,BD5010,Dhupchanchia,BD501033,97138
Bangladesh,BD,Rajshahi,BD50,Bogra,BD5010,Gabtali,BD501040,175061
Bangladesh,BD,Rajshahi,BD50,Bogra,BD5010,Kahaloo,BD501054,125815
Bangladesh,BD,Rajshahi,BD50,Bogra,BD5010,Nandigram,BD501067,95559
Bangladesh,BD,Rajshahi,BD50,Bogra,BD5010,Sariakandi,BD501081,151694
Bangladesh,BD,Rajshahi,BD50,Bogra,BD5010,Shajahanpur,BD501085,170190
Bangladesh,BD,Rajshahi,BD50,Bogra,BD5010,Sherpur,BD501088,193784
Bangladesh,BD,Rajshahi,BD50,Bogra,BD5010,Shibganj,BD501094,199383
Bangladesh,BD,Rajshahi,BD50,Bogra,BD5010,Sonatola,BD501095,104777
Bangladesh,BD,Rajshahi,BD50,Joypurhat,BD5038,Akkelpur,BD503813,72835
Bangladesh,BD,Rajshahi,BD50,Joypurhat,BD5038,Joypurhat Sadar,BD503847,158353
Bangladesh,BD,Rajshahi,BD50,Joypurhat,BD5038,Kalai,BD503858,78949
Bangladesh,BD,Rajshahi,BD50,Joypurhat,BD5038,Khetlal,BD503861,49223
Bangladesh,BD,Rajshahi,BD50,Joypurhat,BD5038,Panchbibi,BD503874,126063
Bangladesh,BD,Rajshahi,BD50,Naogaon,BD5064,Atrai,BD506403,103053
Bangladesh,BD,Rajshahi,BD50,Naogaon,BD5064,Badalgachhi,BD506406,107822
Bangladesh,BD,Rajshahi,BD50,Naogaon,BD5064,Dhamoirhat,BD506428,98062
Bangladesh,BD,Rajshahi,BD50,Naogaon,BD5064,Manda,BD506447,186853
Bangladesh,BD,Rajshahi,BD50,Naogaon,BD5064,Mahadebpur,BD506450,159226
Bangladesh,BD,Rajshahi,BD50,Naogaon,BD5064,Naogaon Sadar,BD506460,227183
Bangladesh,BD,Rajshahi,BD50,Naogaon,BD5064,Niamatpur,BD506469,135949
Bangladesh,BD,Rajshahi,BD50,Naogaon,BD5064,Patnitala,BD506475,125799
Bangladesh,BD,Rajshahi,BD50,Naogaon,BD5064,Porsha,BD506479,70162
Bangladesh,BD,Rajshahi,BD50,Naogaon,BD5064,Raninagar,BD506485,93001
Bangladesh,BD,Rajshahi,BD50,Naogaon,BD5064,Sapahar,BD506486,89279
Bangladesh,BD,Rajshahi,BD50,Natore,BD5069,Bagati Para,BD506909,71932
Bangladesh,BD,Rajshahi,BD50,Natore,BD5069,Baraigram,BD506915,159742
Bangladesh,BD,Rajshahi,BD50,Natore,BD5069,Gurudaspur,BD506941,117106
Bangladesh,BD,Rajshahi,BD50,Natore,BD5069,Lalpur,BD506944,152240
Bangladesh,BD,Rajshahi,BD50,Natore,BD5069,Natore Sadar,BD506963,240573
Bangladesh,BD,Rajshahi,BD50,Natore,BD5069,Singra,BD506991,204564
Bangladesh,BD,Rajshahi,BD50,Nawabganj,BD5070,Bholahat,BD507018,57572
Bangladesh,BD,Rajshahi,BD50,Nawabganj,BD5070,Gomastapur,BD507037,158117
Bangladesh,BD,Rajshahi,BD50,Nawabganj,BD5070,Nachole,BD507056,80244
Bangladesh,BD,Rajshahi,BD50,Nawabganj,BD5070,Nawabganj Sadar,BD507066,320368
Bangladesh,BD,Rajshahi,BD50,Nawabganj,BD5070,Shibganj,BD507088,340153
Bangladesh,BD,Rajshahi,BD50,Pabna,BD5076,Atgharia,BD507605,90410
Bangladesh,BD,Rajshahi,BD50,Pabna,BD5076,Bera,BD507616,140656
Bangladesh,BD,Rajshahi,BD50,Pabna,BD5076,Bhangura,BD507619,77961
Bangladesh,BD,Rajshahi,BD50,Pabna,BD5076,Chatmohar,BD507622,177020
Bangladesh,BD,Rajshahi,BD50,Pabna,BD5076,Faridpur,BD507633,67270
Bangladesh,BD,Rajshahi,BD50,Pabna,BD5076,Ishwardi,BD507639,163834
Bangladesh,BD,Rajshahi,BD50,Pabna,BD5076,Pabna Sadar,BD507655,362715
Bangladesh,BD,Rajshahi,BD50,Pabna,BD5076,Santhia,BD507672,219995
Bangladesh,BD,Rajshahi,BD50,Pabna,BD5076,Sujanagar,BD507683,152684
Bangladesh,BD,Rajshahi,BD50,Rajshahi,BD5081,Bagha,BD508110,99123
Bangladesh,BD,Rajshahi,BD50,Rajshahi,BD5081,Baghmara,BD508112,195989
Bangladesh,BD,Rajshahi,BD50,Rajshahi,BD5081,Boalia,BD508122,121355
Bangladesh,BD,Rajshahi,BD50,Rajshahi,BD5081,Charghat,BD508125,114307
Bangladesh,BD,Rajshahi,BD50,Rajshahi,BD5081,Durgapur,BD508131,101635
Bangladesh,BD,Rajshahi,BD50,Rajshahi,BD5081,Godagari,BD508134,193413
Bangladesh,BD,Rajshahi,BD50,Rajshahi,BD5081,Matihar,BD508140,33694
Bangladesh,BD,Rajshahi,BD50,Rajshahi,BD5081,Mohanpur,BD508153,93424
Bangladesh,BD,Rajshahi,BD50,Rajshahi,BD5081,Paba,BD508172,184321
Bangladesh,BD,Rajshahi,BD50,Rajshahi,BD5081,Puthia,BD508182,111234
Bangladesh,BD,Rajshahi,BD50,Rajshahi,BD5081,Rajpara,BD508185,74516
Bangladesh,BD,Rajshahi,BD50,Rajshahi,BD5081,Shah Makhdum,BD508190,16879
Bangladesh,BD,Rajshahi,BD50,Rajshahi,BD5081,Tanore,BD508194,105761
Bangladesh,BD,Rajshahi,BD50,Sirajganj,BD5088,Belkuchi,BD508811,198930
Bangladesh,BD,Rajshahi,BD50,Sirajganj,BD5088,Chauhali,BD508827,80420
Bangladesh,BD,Rajshahi,BD50,Sirajganj,BD5088,Kamarkhanda,BD508844,74979
Bangladesh,BD,Rajshahi,BD50,Sirajganj,BD5088,Kazipur,BD508850,141225
Bangladesh,BD,Rajshahi,BD50,Sirajganj,BD5088,Royganj,BD508861,188107
Bangladesh,BD,Rajshahi,BD50,Sirajganj,BD5088,Shahjadpur,BD508867,326530
Bangladesh,BD,Rajshahi,BD50,Sirajganj,BD5088,Sirajganj Sadar,BD508878,312768
Bangladesh,BD,Rajshahi,BD50,Sirajganj,BD5088,Tarash,BD508889,116495
Bangladesh,BD,Rajshahi,BD50,Sirajganj,BD5088,Ullah Para,BD508894,324061
Bangladesh,BD,Rangpur,BD55,Dinajpur,BD5527,Birampur,BD552710,94887
Bangladesh,BD,Rangpur,BD55,Dinajpur,BD5527,Birganj,BD552712,183804
Bangladesh,BD,Rangpur,BD55,Dinajpur,BD5527,Biral,BD552717,140634
Bangladesh,BD,Rangpur,BD55,Dinajpur,BD5527,Bochaganj,BD552721,86568
Bangladesh,BD,Rangpur,BD55,Dinajpur,BD5527,Chirirbandar,BD552730,159015
Bangladesh,BD,Rangpur,BD55,Dinajpur,BD5527,Fulbari,BD552738,100203
Bangladesh,BD,Rangpur,BD55,Dinajpur,BD5527,Ghoraghat,BD552743,66526
Bangladesh,BD,Rangpur,BD55,Dinajpur,BD5527,Hakimpur,BD552747,50116
Bangladesh,BD,Rangpur,BD55,Dinajpur,BD5527,Kaharole,BD552756,85906
Bangladesh,BD,Rangpur,BD55,Dinajpur,BD5527,Khansama,BD552760,95815
Bangladesh,BD,Rangpur,BD55,Dinajpur,BD5527,Dinajpur Sadar,BD552764,266077
Bangladesh,BD,Rangpur,BD55,Dinajpur,BD5527,Nawabganj,BD552769,127312
Bangladesh,BD,Rangpur,BD55,Dinajpur,BD5527,Parbatipur,BD552777,201353
Bangladesh,BD,Rangpur,BD55,Gaibandha,BD5532,Fulchhari,BD553221,99117
Bangladesh,BD,Rangpur,BD55,Gaibandha,BD5532,Gaibandha Sadar,BD553224,246251
Bangladesh,BD,Rangpur,BD55,Gaibandha,BD5532,Gobindaganj,BD553230,286513
Bangladesh,BD,Rangpur,BD55,Gaibandha,BD5532,Palashbari,BD553267,130295
Bangladesh,BD,Rangpur,BD55,Gaibandha,BD5532,Sadullapur,BD553282,157022
Bangladesh,BD,Rangpur,BD55,Gaibandha,BD5532,Saghatta,BD553288,145101
Bangladesh,BD,Rangpur,BD55,Gaibandha,BD5532,Sundarganj,BD553291,272364
Bangladesh,BD,Rangpur,BD55,Kurigram,BD5549,Bhurungamari,BD554906,137855
Bangladesh,BD,Rangpur,BD55,Kurigram,BD5549,Char Rajibpur,BD554908,43488
Bangladesh,BD,Rangpur,BD55,Kurigram,BD5549,Chilmari,BD554909,67296
Bangladesh,BD,Rangpur,BD55,Kurigram,BD5549,Phulbari,BD554918,92702
Bangladesh,BD,Rangpur,BD55,Kurigram,BD5549,Kurigram Sadar,BD554952,189418
Bangladesh,BD,Rangpur,BD55,Kurigram,BD5549,Nageshwari,BD554961,244946
Bangladesh,BD,Rangpur,BD55,Kurigram,BD5549,Rajarhat,BD554977,100416
Bangladesh,BD,Rangpur,BD55,Kurigram,BD5549,Raumari,BD554979,118756
Bangladesh,BD,Rangpur,BD55,Kurigram,BD5549,Ulipur,BD554994,222485
Bangladesh,BD,Rangpur,BD55,Lalmonirhat,BD5552,Aditmari,BD555202,122600
Bangladesh,BD,Rangpur,BD55,Lalmonirhat,BD5552,Hatibandha,BD555233,131181
Bangladesh,BD,Rangpur,BD55,Lalmonirhat,BD5552,Kaliganj,BD555239,138323
Bangladesh,BD,Rangpur,BD55,Lalmonirhat,BD5552,Lalmonirhat Sadar,BD555255,190060
Bangladesh,BD,Rangpur,BD55,Lalmonirhat,BD5552,Patgram,BD555270,120308
Bangladesh,BD,Rangpur,BD55,Nilphamari,BD5573,Dimla,BD557312,178352
Bangladesh,BD,Rangpur,BD55,Nilphamari,BD5573,Domar,BD557315,142119
Bangladesh,BD,Rangpur,BD55,Nilphamari,BD5573,Jaldhaka,BD557336,208838
Bangladesh,BD,Rangpur,BD55,Nilphamari,BD5573,Kishoreganj,BD557345,131104
Bangladesh,BD,Rangpur,BD55,Nilphamari,BD5573,Nilphamari Sadar,BD557364,250285
Bangladesh,BD,Rangpur,BD55,Nilphamari,BD5573,Saidpur,BD557385,146537
Bangladesh,BD,Rangpur,BD55,Panchagarh,BD5577,Atwari,BD557704,77031
Bangladesh,BD,Rangpur,BD55,Panchagarh,BD5577,Boda,BD557725,132317
Bangladesh,BD,Rangpur,BD55,Panchagarh,BD5577,Debiganj,BD557734,134497
Bangladesh,BD,Rangpur,BD55,Panchagarh,BD5577,Panchagarh Sadar,BD557773,157916
Bangladesh,BD,Rangpur,BD55,Panchagarh,BD5577,Tentulia,BD557790,73045
Bangladesh,BD,Rangpur,BD55,Rangpur,BD5585,Badarganj,BD558503,158451
Bangladesh,BD,Rangpur,BD55,Rangpur,BD5585,Gangachara,BD558527,167752
Bangladesh,BD,Rangpur,BD55,Rangpur,BD5585,Kaunia,BD558542,120381
Bangladesh,BD,Rangpur,BD55,Rangpur,BD5585,Rangpur Sadar,BD558549,415366
Bangladesh,BD,Rangpur,BD55,Rangpur,BD5585,Mitha Pukur,BD558558,287086
Bangladesh,BD,Rangpur,BD55,Rangpur,BD5585,Pirgachha,BD558573,167465
Bangladesh,BD,Rangpur,BD55,Rangpur,BD5585,Pirganj,BD558576,214347
Bangladesh,BD,Rangpur,BD55,Rangpur,BD5585,Taraganj,BD558592,83734
Bangladesh,BD,Rangpur,BD55,Thakurgaon,BD5594,Baliadangi,BD559408,109438
Bangladesh,BD,Rangpur,BD55,Thakurgaon,BD5594,Haripur,BD559451,84223
Bangladesh,BD,Rangpur,BD55,Thakurgaon,BD5594,Pirganj,BD559482,135055
Bangladesh,BD,Rangpur,BD55,Thakurgaon,BD5594,Ranisankail,BD559486,122977
Bangladesh,BD,Rangpur,BD55,Thakurgaon,BD5594,Thakurgaon Sadar,BD559494,327497
Bangladesh,BD,Sylhet,BD60,Habiganj,BD6036,Ajmiriganj,BD603602,65928
Bangladesh,BD,Sylhet,BD60,Habiganj,BD6036,Bahubal,BD603605,117330
Bangladesh,BD,Sylhet,BD60,Habiganj,BD6036,Baniachong,BD603611,207991
Bangladesh,BD,Sylhet,BD60,Habiganj,BD6036,Chunarughat,BD603626,173095
Bangladesh,BD,Sylhet,BD60,Habiganj,BD6036,Habiganj Sadar,BD603644,196533
Bangladesh,BD,Sylhet,BD60,Habiganj,BD6036,Lakhai,BD603668,96331
Bangladesh,BD,Sylhet,BD60,Habiganj,BD6036,Madhabpur,BD603671,189260
Bangladesh,BD,Sylhet,BD60,Habiganj,BD6036,Nabiganj,BD603677,210413
Bangladesh,BD,Sylhet,BD60,Maulvibazar,BD6058,Barlekha,BD605814,144148
Bangladesh,BD,Sylhet,BD60,Maulvibazar,BD6058,Juri,BD605835,97358
Bangladesh,BD,Sylhet,BD60,Maulvibazar,BD6058,Kamalganj,BD605856,146267
Bangladesh,BD,Sylhet,BD60,Maulvibazar,BD6058,Kulaura,BD605865,236600
Bangladesh,BD,Sylhet,BD60,Maulvibazar,BD6058,Maulvi Bazar Sadar,BD605874,206594
Bangladesh,BD,Sylhet,BD60,Maulvibazar,BD6058,Rajnagar,BD605880,143020
Bangladesh,BD,Sylhet,BD60,Maulvibazar,BD6058,Sreemangal,BD605883,179607
Bangladesh,BD,Sylhet,BD60,Sunamganj,BD6090,Bishwambarpur,BD609018,96365
Bangladesh,BD,Sylhet,BD60,Sunamganj,BD6090,Chhatak,BD609023,235541
Bangladesh,BD,Sylhet,BD60,Sunamganj,BD6090,Dakshin Sunamganj,BD609027,117125
Bangladesh,BD,Sylhet,BD60,Sunamganj,BD6090,Derai,BD609029,144893
Bangladesh,BD,Sylhet,BD60,Sunamganj,BD6090,Dharampasha,BD609032,134943
Bangladesh,BD,Sylhet,BD60,Sunamganj,BD6090,Dowarabazar,BD609033,148488
Bangladesh,BD,Sylhet,BD60,Sunamganj,BD6090,Jagannathpur,BD609047,147876
Bangladesh,BD,Sylhet,BD60,Sunamganj,BD6090,Jamalganj,BD609050,98581
Bangladesh,BD,Sylhet,BD60,Sunamganj,BD6090,Sulla,BD609086,62598
Bangladesh,BD,Sylhet,BD60,Sunamganj,BD6090,Sunamganj Sadar,BD609089,175312
Bangladesh,BD,Sylhet,BD60,Sunamganj,BD6090,Tahirpur,BD609092,145747
Bangladesh,BD,Sylhet,BD60,Sylhet,BD6091,Balaganj,BD609108,202550
Bangladesh,BD,Sylhet,BD60,Sylhet,BD6091,Beani Bazar,BD609117,155266
Bangladesh,BD,Sylhet,BD60,Sylhet,BD6091,Bishwanath,BD609120,143001
Bangladesh,BD,Sylhet,BD60,Sylhet,BD6091,Companiganj,BD609127,130661
Bangladesh,BD,Sylhet,BD60,Sylhet,BD6091,Dakshin Surma,BD609131,206132
Bangladesh,BD,Sylhet,BD60,Sylhet,BD6091,Fenchuganj,BD609135,57854
Bangladesh,BD,Sylhet,BD60,Sylhet,BD6091,Golabganj,BD609138,192670
Bangladesh,BD,Sylhet,BD60,Sylhet,BD6091,Gowainghat,BD609141,199943
Bangladesh,BD,Sylhet,BD60,Sylhet,BD6091,Jaintiapur,BD609153,107894
Bangladesh,BD,Sylhet,BD60,Sylhet,BD6091,Kanaighat,BD609159,162704
Bangladesh,BD,Sylhet,BD60,Sylhet,BD6091,Sylhet Sadar,BD609162,631015
Bangladesh,BD,Sylhet,BD60,Sylhet,BD6091,Zakiganj,BD609194,141436